Consultant,Unique_Projects,Total_Hours,Efficiency_Score,Composite_Score,Success_Ratio,Projects_Within_Budget,Projects_Over_Budget
Cory Bradfield,20,5544.71,90.0,140.0,90.0,18,2
Tony Dean Skipworth,9,1861.85,88.88888888888889,135.4,100.0,9,0
Ron Loge,15,3404.85,73.33333333333333,123.3,73.33333333333333,11,4
Juan Saenz,14,1045.0,92.3076923076923,118.4,92.3076923076923,12,2
Luis Ovalles,15,3366.88,50.0,100.0,64.28571428571429,9,6
Osazee Eweka,4,586.5,75.0,89.7,75.0,3,1
Christopher Brown,10,598.75,70.0,85.0,100.0,10,0
