Consultant,Unique_Projects,Total_Hours,Efficiency_Score,Composite_Score,Success_Ratio,Projects_Within_Budget,Projects_Over_Budget
Cory Bradfield,22,6051.46,90.9090909090909,140.9,90.9090909090909,20,2
Juan Saenz,17,1730.25,93.75,137.0,93.75,15,2
Tony Dean Skipworth,13,3016.05,83.33333333333334,133.3,100.0,12,1
Ron Loge,27,6157.05,70.83333333333334,120.8,75.0,18,9
Luis Ovalles,21,5754.88,55.55555555555556,105.6,66.66666666666666,12,9
Christopher Brown,14,1029.5,69.23076923076923,95.0,92.3076923076923,12,2
Osazee Eweka,4,586.5,75.0,89.7,75.0,3,1
