Solution_Architect,Total_Projects,Successful_Projects,Failed_Projects,Success_Rate,Total_Budgeted_Hours,Total_Actual_Hours
Michael Brett Beggs,19,14,5,73.7,5793.523333333333,3716.825833333333
David Escamilla,22,20,2,90.9,3468.6085000000007,3387.0175000000004
Steven Walker,20,19,1,95.0,1559.1699999999998,891.0
George Edwin Jacob,10,10,0,100.0,1478.035,518.0
Firas Abood,8,7,1,87.5,1403.5143333333333,868.1833333333334
David Goss,8,8,0,100.0,693.9666666666667,325.0
Matthew Duncan,6,5,1,83.3,614.7750000000001,342.375
